Symbol,Sector
AAPW,其他
AARD,醫療
AAT,房地產
AAXJ,指數基金
ABCL,醫療
ABEO,醫療
ABM,工業
ABNB,消費
ACGL,金融
ACIW,科技
ACM,工業
ACRS,醫療
ACWV,指數基金
AD,通訊
ADAM,房地產
ADBE,科技
ADEA,科技
ADM,防禦性消費
ADT,工業
AEG,金融
AEP,公用事業
AEYE,科技
AGCO,工業
AGM,金融
AGNC,房地產
AGNG,其他
AHR,房地產
AIFD,指數基金
AIRO,工業
AIVC,指數基金
ALAB,科技
ALDX,醫療
ALG,工業
ALGT,工業
ALL,金融
ALLE,工業
ALMS,醫療
AMAL,金融
AMH,房地產
AMLX,醫療
AMN,醫療
AMP,金融
AMPH,醫療
AMRX,醫療
AMRZ,原物料
AMWD,消費
AN,消費
ANET,科技
ANF,消費
ANGX,通訊
AON,金融
APG,工業
APGE,醫療
APLD,科技
APLZ,指數基金
APO,金融
AQST,醫療
AR,能源
ARCC,金融
AREC,原物料
ARGT,其他
ARHS,消費
ARKG,其他
ARMG,指數基金
AROC,能源
ARRY,科技
ARWR,醫療
ASAN,科技
ASIX,原物料
ASO,消費
ASRT,醫療
ASST,金融
ATEX,通訊
ATHM,通訊
ATO,公用事業
ATRO,工業
AVDE,指數基金
AVDV,指數基金
AVEM,指數基金
AVGE,指數基金
AVGV,指數基金
AVNM,指數基金
AVSC,其他
AVUS,指數基金
AVY,消費
AZO,消費
AZTA,醫療
BAC,金融
BAI,其他
BAIG,其他
BALT,其他
BAM,金融
BANR,金融
BAX,醫療
BBAR,金融
BBAX,其他
BBCA,其他
BBIN,指數基金
BBIO,醫療
BBP,指數基金
BBUS,指數基金
BBWI,消費
BBY,消費
BCAB,醫療
BCAX,醫療
BCI,指數基金
BCO,工業
BCSF,金融
BDC,科技
BEAM,醫療
BELFB,科技
BEN,金融
BEPC,公用事業
BETA,工業
BETR,金融
BFIX,其他
BHF,金融
BHVN,醫療
BIBL,指數基金
BIGY,指數基金
BIIB,醫療
BILI,通訊
BITU,指數基金
BK,金融
BKH,公用事業
BKLC,其他
BKU,金融
BLBD,工業
BLCN,指數基金
BLK,金融
BLLN,醫療
BLOK,指數基金
BLSH,科技
BLX,金融
BMBL,通訊
BMED,指數基金
BMI,科技
BMO,金融
BNL,房地產
BOOT,消費
BOTZ,其他
BOX,科技
BP,能源
BPOP,金融
BRKR,醫療
BSRR,金融
BTGO,金融
BTU,能源
BUCK,其他
BURL,消費
BVS,醫療
BWB,金融
BWIN,金融
BWMN,工業
BXMT,房地產
BZAI,科技
CAC,金融
CACC,金融
CAE,工業
CAH,醫療
CAI,醫療
CALX,科技
CAMT,科技
CAN,科技
CAPR,醫療
CAR,工業
CART,消費
CAT,工業
CBT,原物料
CBZ,工業
CCAP,金融
CCBG,金融
CCI,房地產
CCK,消費
CCNE,金融
CD,金融
CDL,指數基金
CDNA,醫療
CDNS,科技
CDP,房地產
CDW,科技
CE,原物料
CEG,公用事業
CEMB,其他
CEPI,指數基金
CFFN,金融
CFR,金融
CGAU,原物料
CGDV,指數基金
CHAT,指數基金
CHAU,指數基金
CHCO,金融
CHD,防禦性消費
CHDN,消費
CHEF,防禦性消費
CHGX,指數基金
CHT,通訊
CHTR,通訊
CIB,金融
CIG,公用事業
CIGI,房地產
CIM,房地產
CLBK,金融
CLFD,科技
CLIX,指數基金
CLSZ,指數基金
CMC,工業
CMCM,通訊
CMCO,工業
CMPX,醫療
CNH,工業
CNX,能源
CNXC,科技
COCO,防禦性消費
COGT,醫療
COHU,科技
COLD,房地產
COLM,消費
COLO,其他
COMT,其他
CON,醫療
CORO,指數基金
CORT,醫療
COUR,防禦性消費
CPK,公用事業
CPSH,科技
CQQQ,指數基金
CRC,能源
CRGY,能源
CRML,原物料
CRSP,醫療
CRUS,科技
CRVL,金融
CSEX,其他
CSTM,原物料
CSV,消費
CTEV,醫療
CTGO,原物料
CTSH,科技
CVBF,金融
CVE,能源
CVLC,指數基金
CVNA,消費
CVRX,醫療
CWB,指數基金
CWII,指數基金
CWST,工業
CWT,公用事業
CX,原物料
CYRX,工業
CZNC,金融
DAPP,指數基金
DAVE,科技
DBB,指數基金
DBD,科技
DBMF,指數基金
DBRG,金融
DCBO,科技
DCI,工業
DCOM,金融
DCOR,指數基金
DELL,科技
DEM,指數基金
DERM,醫療
DES,其他
DFAT,指數基金
DFAW,指數基金
DFAX,其他
DFDV,金融
DFGR,指數基金
DFH,消費
DFIP,指數基金
DFIV,指數基金
DFJ,其他
DFLV,指數基金
DFSV,指數基金
DFTX,醫療
DFUS,指數基金
DG,防禦性消費
DGICA,金融
DHS,其他
DIA,其他
DIOD,科技
DIS,通訊
DKS,消費
DLS,其他
DLX,工業
DNOW,工業
DNTH,醫療
DOCN,科技
DOCU,科技
DOJE,指數基金
DORM,消費
DOV,工業
DRH,房地產
DRN,指數基金
DRTS,醫療
DRVN,消費
DUHP,指數基金
DUOL,科技
DUSA,指數基金
DUSL,指數基金
DVOL,指數基金
DXCM,醫療
DY,工業
DYN,醫療
E,能源
EA,通訊
EBF,工業
EBS,醫療
ECPG,金融
EEFT,科技
EFA,其他
EFC,房地產
EFG,指數基金
EFXT,能源
EFZ,指數基金
EGBN,金融
EGP,房地產
EIDO,指數基金
ELA,消費
ELAN,醫療
ELIL,指數基金
ELMD,醫療
ELV,醫療
EMB,其他
ENLT,公用事業
ENPH,科技
ENTA,醫療
ENVA,金融
ENZL,其他
EOLS,醫療
EPR,房地產
EPRT,房地產
EQL,其他
EQNR,能源
EQPT,工業
ESCA,消費
ESE,科技
ESI,原物料
ESS,房地產
ESTA,醫療
ETOR,金融
EUM,其他
EVER,通訊
EVRG,公用事業
EWA,指數基金
EWC,指數基金
EWG,其他
EWL,指數基金
EWN,指數基金
EWW,指數基金
EWZS,其他
EXEL,醫療
EZA,指數基金
F,消費
FA,工業
FBIN,工業
FBNC,金融
FBRT,房地產
FBT,指數基金
FC,防禦性消費
FCG,指數基金
FCOM,指數基金
FCPT,房地產
FDMT,醫療
FDN,指數基金
FDUS,金融
FELC,指數基金
FELG,指數基金
FELV,指數基金
FEMR,其他
FEPI,指數基金
FETH,其他
FFBC,金融
FFIC,金融
FFIN,金融
FGD,其他
FGRU,指數基金
FHB,金融
FHTX,醫療
FIAT,其他
FICO,科技
FIGR,金融
FISI,金融
FLEX,科技
FLG,金融
FLNG,能源
FLRN,其他
FLY,工業
FLYT,其他
FLYW,科技
FMAO,金融
FMBH,金融
FNB,金融
FND,消費
FNDE,指數基金
FNF,金融
FORM,科技
FRDM,指數基金
FREL,其他
FRHC,金融
FRNW,其他
FROG,科技
FRT,房地產
FSBC,金融
FSK,金融
FTCI,科技
FTDR,消費
FTHI,指數基金
FTK,能源
FTSM,指數基金
FTV,科技
FTW,能源
FUBO,通訊
FUN,消費
FVCB,金融
FWRG,消費
FXE,指數基金
FXR,其他
FXU,其他
FYEE,指數基金
FYLD,其他
GBDC,金融
GBIL,指數基金
GCO,消費
GEVG,其他
GFF,工業
GGAL,金融
GIB,科技
GIII,消費
GL,金融
GLAD,金融
GLIBK,通訊
GLNG,能源
GLP,能源
GLRE,金融
GLXY,金融
GMAB,醫療
GME,消費
GNLX,醫療
GNRC,工業
GOGO,通訊
GOOD,房地產
GOOGL,通訊
GOOY,指數基金
GOP,其他
GOVZ,指數基金
GPC,消費
GPGI,工業
GPIQ,指數基金
GPN,工業
GPT,其他
GRBK,消費
GRC,工業
GREK,指數基金
GRND,科技
GRNY,其他
GS,金融
GSAT,通訊
GSEU,其他
GSHD,金融
GSIE,指數基金
GSIT,科技
GT,消費
GVI,指數基金
GVLU,指數基金
GWW,工業
GXC,指數基金
HALO,醫療
HAS,消費
HASI,金融
HAYW,工業
HBB,消費
HBM,原物料
HBR,其他
HCA,醫療
HCC,原物料
HCKT,科技
HE,公用事業
HEGD,指數基金
HEI,工業
HFWA,金融
HGER,指數基金
HGTY,金融
HGV,消費
HHH,房地產
HIBS,指數基金
HIMS,醫療
HLIT,科技
HMC,消費
HMN,金融
HOFT,消費
HOII,指數基金
HOOW,指數基金
HOOY,指數基金
HP,能源
HR,房地產
HRB,消費
HRL,防禦性消費
HSDT,金融
HSIC,醫療
HST,房地產
HSY,防禦性消費
HTB,金融
HTH,金融
HTLD,工業
HUBB,工業
HUM,醫療
HUN,原物料
HWKN,原物料
HY,工業
HYDR,指數基金
HYEM,指數基金
HYG,指數基金
HYGH,指數基金
HYLB,指數基金
HYMB,指數基金
HYS,指數基金
IART,醫療
IAT,指數基金
IBB,指數基金
IBP,消費
ICLN,其他
ICUI,醫療
ICVT,指數基金
IDCC,科技
IDHQ,指數基金
IDVO,其他
IDYA,醫療
IESC,工業
IEUR,指數基金
IFGL,指數基金
IFRA,指數基金
IGF,指數基金
IGPT,其他
IGRO,指數基金
IGSB,指數基金
IGV,指數基金
IHF,指數基金
IIIN,工業
IIPR,房地產
IJH,指數基金
IJK,指數基金
IJS,指數基金
ILCG,指數基金
ILMN,醫療
IMCG,指數基金
IMKTA,防禦性消費
IMNM,醫療
IMO,能源
IMOS,科技
IMTM,指數基金
IMTX,醫療
INBX,醫療
INDB,金融
INDI,科技
INGM,科技
INKM,指數基金
INSG,科技
INSM,醫療
INSW,能源
INTU,科技
IPAC,指數基金
IPI,原物料
IRT,房地產
IRTC,醫療
ISRA,其他
ITA,其他
ITGR,醫療
ITT,工業
IVA,醫療
IVOO,其他
IVT,房地產
IWM,指數基金
IWMY,其他
IWN,指數基金
IWO,指數基金
IXN,指數基金
IYM,指數基金
JACK,消費
JAKK,消費
JANX,醫療
JAVA,其他
JBGS,房地產
JBHT,工業
JBIO,醫療
JBL,科技
JBLU,工業
JD,消費
JEPQ,指數基金
JHG,金融
JHMM,指數基金
JKHY,科技
JKS,科技
JMSB,金融
JNK,指數基金
JNUG,其他
JOE,房地產
JQUA,其他
JXX,指數基金
KARS,指數基金
KBH,消費
KBWD,指數基金
KD,科技
KDP,防禦性消費
KEP,公用事業
KFRC,工業
KIE,指數基金
KINS,金融
KLAC,科技
KLIP,指數基金
KNOP,能源
KNX,工業
KOF,防禦性消費
KOP,原物料
KOPN,科技
KPDD,指數基金
KRE,指數基金
KRNY,金融
KROP,指數基金
KRRO,醫療
KSA,指數基金
KSPI,科技
KVLE,指數基金
L,金融
LABU,指數基金
LACG,指數基金
LAD,消費
LADR,房地產
LAUR,防禦性消費
LCTX,醫療
LDOS,科技
LEGH,消費
LEN,消費
LEVI,消費
LGIH,消費
LGND,醫療
LH,醫療
LI,消費
LIF,科技
LII,工業
LIN,原物料
LIND,消費
LIVN,醫療
LKQ,消費
LLYVK,通訊
LLYX,指數基金
LMB,工業
LMBS,指數基金
LMNR,防禦性消費
LNC,金融
LNSR,醫療
LNT,公用事業
LPX,工業
LRGF,指數基金
LRNZ,指數基金
LSTR,工業
LTBR,工業
LTM,工業
LVHI,指數基金
LVWR,消費
LZB,消費
M,消費
MAA,房地產
MAGC,其他
MAGN,防禦性消費
MAGX,指數基金
MANU,通訊
MAR,消費
MARO,指數基金
MAT,消費
MAZE,醫療
MBWM,金融
MBX,醫療
MCBS,金融
MCFT,消費
MCGA,金融
MD,醫療
MDB,科技
MDY,指數基金
MDYG,指數基金
MDYV,指數基金
MEG,工業
MESO,醫療
METU,其他
MFG,金融
MGA,消費
MGEE,公用事業
MIDU,其他
MIRM,醫療
MISL,其他
MKTX,金融
MLI,工業
MLKN,消費
MLPA,指數基金
MLPX,指數基金
MMYT,消費
MOMO,通訊
MP,原物料
MPC,能源
MQ,科技
MQQQ,指數基金
MRNA,醫療
MRP,房地產
MRX,金融
MSDL,金融
MSEX,公用事業
MSFX,指數基金
MSI,科技
MSOX,其他
MSTU,其他
MTDR,能源
MTUM,指數基金
MVBF,金融
MVO,能源
MYRG,工業
MZTI,防禦性消費
MZZ,其他
NAT,能源
NBIG,其他
NBTB,金融
NDSN,工業
NEAR,指數基金
NEE,公用事業
NEM,原物料
NEO,醫療
NEXT,能源
NFGC,原物料
NFLP,其他
NFLY,指數基金
NGNE,醫療
NHC,醫療
NICE,科技
NIOG,其他
NKTR,醫療
NLOP,房地產
NMFC,金融
NMIH,金融
NMR,金融
NNI,金融
NOAH,金融
NPO,工業
NRIX,醫療
NSA,房地產
NSSC,工業
NTES,通訊
NTNX,科技
NTRA,醫療
NUS,防禦性消費
NVCR,醫療
NVDW,指數基金
NVS,醫療
NVST,醫療
NWBI,金融
NWG,金融
NWL,防禦性消費
NWN,公用事業
NWPX,原物料
NWSA,通訊
NX,工業
NXDR,通訊
NXRT,房地產
NYT,通訊
OBK,金融
OC,工業
ODD,防禦性消費
ODTE,其他
OGS,公用事業
OI,消費
OKLO,公用事業
OKTA,科技
OLMA,醫療
OMAB,工業
OMC,通訊
OMCL,醫療
ONEQ,其他
OPEG,其他
OPLN,消費
OPRA,通訊
ORCX,其他
ORI,金融
ORKA,醫療
ORRF,金融
OSBC,金融
OSIS,科技
OTLY,防禦性消費
OVID,醫療
OWL,金融
OWLT,醫療
P,科技
PAA,能源
PACB,醫療
PACS,醫療
PAG,消費
PAGP,能源
PAHC,醫療
PAR,科技
PARR,能源
PAVE,指數基金
PAX,金融
PAYC,科技
PBD,指數基金
PBR,能源
PCAR,工業
PCT,工業
PCVX,醫療
PENG,科技
PEO,金融
PERI,通訊
PFFD,其他
PFXF,指數基金
PGNY,醫療
PGX,指數基金
PH,工業
PID,指數基金
PII,消費
PINS,通訊
PIPR,金融
PIT,指數基金
PKBK,金融
PKG,消費
PKST,房地產
PKW,指數基金
PKX,原物料
PL,工業
PLD,房地產
PLSE,醫療
PLUL,指數基金
PNQI,其他
PNR,工業
POET,科技
POOL,工業
POWI,科技
POWR,指數基金
PPIH,工業
PPSI,工業
PRAX,醫療
PRCH,金融
PRDO,防禦性消費
PRF,指數基金
PRG,工業
PRI,金融
PRLB,工業
PSCT,指數基金
PSMT,防禦性消費
PSP,指數基金
PTEN,能源
PTF,指數基金
PUK,金融
PVH,消費
PWB,指數基金
PWR,工業
PXE,指數基金
PXF,指數基金
PXJ,指數基金
PZA,指數基金
PZZA,消費
QAI,指數基金
QBTS,科技
QCLN,指數基金
QCML,其他
QDEF,指數基金
QDPL,其他
QFIN,金融
QLD,指數基金
QNST,通訊
QQEW,其他
QQH,其他
QQQ,指數基金
QQQA,指數基金
QQQM,指數基金
QRVO,科技
QSR,消費
QTOP,指數基金
QURE,醫療
QUS,指數基金
QXO,工業
QYLG,指數基金
R,工業
RACE,消費
RAPP,醫療
RARE,醫療
RBA,工業
RCL,消費
RCUS,醫療
RDDT,通訊
RDTL,指數基金
RDVI,指數基金
RELX,工業
RES,能源
REYN,消費
REZI,工業
RF,金融
RGTI,科技
RGTX,其他
RHI,工業
RIGL,醫療
RIOX,指數基金
RITM,房地產
RJF,金融
RLJ,房地產
RLY,指數基金
RMAX,房地產
RMBS,科技
RNG,科技
RNR,金融
RNST,金融
RNW,公用事業
ROAD,工業
ROE,其他
ROK,工業
ROL,消費
ROM,其他
ROOT,金融
ROP,科技
RRX,工業
RSP,指數基金
RSPT,指數基金
RSSL,指數基金
RSVR,通訊
RVLV,消費
RVTY,醫療
RWK,其他
RXRX,醫療
RXT,科技
RYN,房地產
RZLV,科技
SAFE,房地產
SAIA,工業
SAIC,科技
SAR,金融
SBGI,通訊
SBRA,房地產
SCHA,其他
SCHD,指數基金
SCHH,指數基金
SCHJ,指數基金
SCHL,通訊
SCHM,指數基金
SCHY,指數基金
SCI,消費
SCJ,指數基金
SCSC,科技
SCZ,指數基金
SEA,其他
SECT,其他
SEDG,科技
SEG,房地產
SEI,能源
SEIC,金融
SERV,工業
SEZL,金融
SFY,其他
SG,消費
SGOL,其他
SGU,能源
SH,其他
SHC,醫療
SHEN,通訊
SHV,指數基金
SHW,原物料
SIBN,醫療
SIGI,金融
SIRI,通訊
SITE,工業
SIXG,指數基金
SJNK,指數基金
SKM,通訊
SKT,房地產
SKWD,金融
SKYH,房地產
SLDE,金融
SLDP,消費
SLF,金融
SLG,房地產
SLM,金融
SLRC,金融
SLS,醫療
SLSR,原物料
SLYV,指數基金
SMFG,金融
SMN,指數基金
SNDL,防禦性消費
SNDR,工業
SNN,醫療
SNPE,指數基金
SNPS,科技
SOBO,能源
SOHU,通訊
SONY,科技
SOUN,科技
SOXL,指數基金
SOXY,其他
SPCE,工業
SPEM,其他
SPHB,指數基金
SPHY,指數基金
SPMB,其他
SPMO,指數基金
SPNT,金融
SPSB,指數基金
SPTI,指數基金
SPTL,指數基金
SPTM,其他
SPXS,指數基金
SPYD,指數基金
SPYG,指數基金
SPYH,指數基金
SPYT,指數基金
SPYV,其他
SPYX,指數基金
SR,公用事業
SRCE,金融
SRLN,指數基金
SRPT,醫療
SSG,指數基金
SSSS,金融
STAA,醫療
STE,醫療
STEX,金融
STHH,指數基金
STLD,原物料
STRA,防禦性消費
STRF,科技
STRV,指數基金
STWD,房地產
STX,科技
SUIG,金融
SUNB,工業
SWK,工業
SYBT,金融
SYLD,其他
T,通訊
TALK,醫療
TAN,指數基金
TARA,醫療
TARS,醫療
TBBK,金融
TBF,其他
TCBK,金融
TCBX,金融
TCMD,醫療
TD,金融
TDAY,通訊
TDS,通訊
TDY,科技
TE,工業
TEAM,科技
TERG,其他
TESL,指數基金
TEVA,醫療
TFC,金融
TGB,原物料
TGS,能源
THFF,金融
THO,消費
TIGO,通訊
TIMB,通訊
TMDX,醫療
TMFC,指數基金
TNA,其他
TNC,工業
TNDM,醫療
TNET,工業
TNXP,醫療
TOI,醫療
TOL,消費
TOTL,指數基金
TOWN,金融
TPB,防禦性消費
TRDA,醫療
TRFK,其他
TRGP,能源
TRIN,金融
TRMD,能源
TRMK,金融
TROW,金融
TS,能源
TSHA,醫療
TSPY,指數基金
TSSI,科技
TTC,工業
TTEK,工業
TUR,指數基金
TUSK,工業
TVTX,醫療
TWM,指數基金
TYRA,醫療
UAA,消費
UBEW,指數基金
UFPT,醫療
UGL,其他
UHS,醫療
UHT,房地產
ULS,工業
UMC,科技
UMDD,指數基金
UMH,房地產
UNH,醫療
UPRO,其他
UPWK,通訊
URI,工業
URTH,指數基金
URTY,指數基金
USAU,原物料
USD,其他
USHY,指數基金
USPX,指數基金
USRT,指數基金
USXF,其他
UTES,指數基金
UTHR,醫療
UTHY,指數基金
UUUU,能源
UWM,指數基金
UXRP,其他
VAC,消費
VB,指數基金
VBK,其他
VC,消費
VCEB,其他
VCRB,指數基金
VCSH,指數基金
VERA,醫療
VEU,指數基金
VFMF,指數基金
VFMO,指數基金
VIK,消費
VIST,能源
VITL,防禦性消費
VLY,金融
VMI,工業
VNET,科技
VNLA,指數基金
VNO,房地產
VNT,科技
VOD,通訊
VOO,指數基金
VOXR,原物料
VOYA,金融
VPG,科技
VPLS,指數基金
VREX,醫療
VRRM,科技
VRT,工業
VSCO,消費
VSGX,指數基金
VTEB,其他
VTEC,指數基金
VTIP,其他
VTS,能源
VTWO,指數基金
VWOB,指數基金
W,消費
WAFD,金融
WASH,金融
WAT,醫療
WAY,醫療
WDC,科技
WDIV,指數基金
WEX,科技
WH,消費
WHR,消費
WING,消費
WIT,科技
WIX,科技
WKC,能源
WLTH,科技
WLY,通訊
WMK,防禦性消費
WMS,工業
WOLF,科技
WPP,通訊
WRBY,醫療
WRD,科技
WSBF,金融
WSFS,金融
WST,醫療
WTMF,指數基金
WULX,其他
WWW,消費
WYNN,消費
XAIX,指數基金
XBIL,指數基金
XES,指數基金
XLC,指數基金
XLE,其他
XLF,其他
XLG,指數基金
XLI,指數基金
XLP,指數基金
XLRE,指數基金
XNCR,醫療
XNDU,科技
XNET,科技
XPEG,指數基金
XPH,指數基金
XRPZ,EQUITY
XRX,工業
XSHD,其他
XXI,金融
XYZ,科技
YUMC,消費
ZBIO,醫療
ZD,通訊
ZENA,科技
ZG,通訊
ZLAB,醫療
ZTO,工業
ZURA,醫療
ZVRA,醫療
ZWS,工業
PJP,其他
ABCB,金融
ACAD,醫療
AGEN,醫療
AIRR,指數基金
AIZ,金融
ALLW,指數基金
ANAB,醫療
ANGI,通訊
APPS,科技
APPX,其他
ARCB,工業
ARDT,醫療
AUR,科技
AXON,工業
BC,消費
BILL,科技
BIOA,醫療
BYD,消費
CASY,消費
CBRL,消費
CGNX,科技
CHRW,工業
COMP,Real Estate
CRL,醫療
DDOG,科技
DHC,Real Estate
DPST,指數基金
DRS,工業
ENS,工業
FAST,工業
FCNCA,金融
FIBK,金融
FITB,金融
FLS,工業
FTRE,醫療
GEHC,醫療
GIF,指數基金
GLL,其他
GOOW,指數基金
GSL,工業
HITI,醫療
HOPE,金融
HSAI,消費
HXL,工業
IBOT,指數基金
IFRX,醫療
ILPT,Real Estate
IMAX,通訊
INN,Real Estate
JELD,工業
JPM,金融
KBE,指數基金
KMT,工業
KRC,Real Estate
KSS,消費
LAC,Basic Materials
LEU,能源
LEUX,其他
LION,其他
LYTS,科技
MAGS,其他
MC,金融
MCO,金融
MEDP,醫療
MJ,指數基金
MNRO,消費
MSM,工業
MTN,消費
NABL,科技
NBR,能源
NE,能源
NKE,消費
ODFL,工業
OGN,醫療
OKLL,其他
OMER,醫療
OTEX,科技
PCOR,科技
PCRX,醫療
PDLB,金融
PECO,Real Estate
PFBC,金融
PFS,金融
PGC,金融
PNC,金融
PPG,Basic Materials
PRTA,醫療
PSA,Real Estate
QCRH,金融
QGRW,指數基金
QLYS,科技
RBCAA,金融
REM,其他
REMX,指數基金
RMD,醫療
ROBO,指數基金
RUM,通訊
SAM,Consumer Defensive
SAN,金融
SANM,科技
SATG,指數基金
SDCI,指數基金
SMG,Basic Materials
SON,消費
SOXS,其他
SSD,Basic Materials
STRL,工業
SVXY,指數基金
SW,消費
TALO,能源
TCBI,金融
TDW,能源
TFII,工業
TRC,工業
TRST,金融
UAMY,Basic Materials
UBOT,指數基金
UEC,能源
UUUG,指數基金
VCTR,金融
VET,能源
VUG,其他
WEC,公用事業
WELL,Real Estate
WOOD,其他
WU,金融
XOMA,醫療
YMAG,其他
AAP,消費
AAPX,指數基金
ABEV,Consumer Defensive
ACA,工業
ACES,指數基金
ACI,Consumer Defensive
ACIO,指數基金
ACNT,Basic Materials
ACT,金融
ADNT,消費
ADUR,工業
AETH,指數基金
AFK,指數基金
AFL,金融
AGO,金融
AGX,工業
AIA,指數基金
AIRJ,工業
AKAM,科技
ALGM,科技
ALGN,醫療
ALKS,醫療
ALNT,科技
ALRM,科技
ALSN,消費
ALT,醫療
ALV,消費
AM,能源
AMCR,消費
AMGN,醫療
AMLP,指數基金
AMOM,指數基金
AMR,Basic Materials
AMSC,工業
AMTM,工業
AMYY,指數基金
AMZA,指數基金
ANGL,指數基金
ANIP,醫療
AORT,醫療
AOS,工業
AOSL,科技
AOUT,消費
APA,能源
APAM,金融
APD,Basic Materials
APEI,Consumer Defensive
APLE,Real Estate
APPF,科技
APTV,消費
ARE,Real Estate
ARES,金融
ARKK,指數基金
ARKQ,指數基金
ARLO,工業
ARMH,指數基金
ARQQ,科技
ASH,Basic Materials
ASHR,指數基金
ASR,工業
ASTE,工業
ATMU,消費
ATRC,醫療
AUB,金融
AURA,醫療
AVAV,工業
AVIE,指數基金
AVLV,指數基金
AVMA,指數基金
AVMV,指數基金
AVNW,科技
AVPT,科技
AVRE,指數基金
AVSU,指數基金
AVT,科技
AVUV,指數基金
AWK,公用事業
AWR,公用事業
AX,金融
AXP,金融
AYI,工業
AZZ,工業
BAH,工業
BALI,指數基金
BALL,消費
BANF,金融
BATT,指數基金
BBJP,指數基金
BBVA,金融
BBW,消費
BCE,通訊
BCH,金融
BEKE,Real Estate
BFH,金融
BFS,Real Estate
BG,Consumer Defensive
BIDG,指數基金
BIDU,通訊
BIO,醫療
BIRK,消費
BITY,指數基金
BIV,指數基金
BIZD,指數基金
BJ,Consumer Defensive
BJRI,消費
BKR,能源
BKV,能源
BLDR,工業
BLFS,醫療
BMA,金融
BND,指數基金
BNDW,指數基金
BNS,金融
BOKF,金融
BOND,指數基金
BORR,能源
BPH,指數基金
BSV,指數基金
BSY,科技
BTG,Basic Materials
BTSG,醫療
BUZZ,指數基金
BWA,消費
BWXT,工業
BX,金融
BXC,工業
BXP,Real Estate
BXSL,金融
BZH,消費
CABZ,指數基金
CACI,科技
CAKE,消費
CALM,Consumer Defensive
CANE,指數基金
CARG,消費
CASH,金融
CASS,工業
CB,金融
CBOE,金融
CBU,金融
CCB,金融
CCEP,Consumer Defensive
CCJ,能源
CCOI,通訊
CCS,Real Estate
CCUP,指數基金
CDZI,公用事業
CECO,工業
CERS,醫療
CERY,指數基金
CG,金融
CGEM,醫療
CGGR,指數基金
CHH,消費
CHKP,科技
CHRD,能源
CINF,金融
CL,Consumer Defensive
CLB,能源
CLOU,指數基金
CLPT,醫療
CLW,Basic Materials
CLX,Consumer Defensive
CM,金融
CMCSA,通訊
CMDY,指數基金
CMPR,工業
CMS,公用事業
CNA,金融
CNK,通訊
CNMD,醫療
CNP,公用事業
CNS,金融
CNYA,指數基金
COKE,Consumer Defensive
CONY,指數基金
COSW,指數基金
CP,工業
CPAY,科技
CPB,Consumer Defensive
CPER,指數基金
CRK,能源
CRM,科技
CRNX,醫療
CROX,消費
CRTC,指數基金
CRVS,醫療
CSD,指數基金
CSGS,科技
CSL,工業
CSR,Real Estate
CTAS,工業
CTBI,金融
CTRN,消費
CTVA,Basic Materials
CUBE,Real Estate
CUBI,金融
CURE,指數基金
CUSD,指數基金
CUZ,Real Estate
CVCO,消費
CVGW,Consumer Defensive
CVI,能源
CVLT,科技
CVMC,指數基金
CW,工業
CWCO,公用事業
CWEB,指數基金
CWEN,公用事業
CXT,工業
CXW,工業
CYTK,醫療
D,公用事業
DAKT,科技
DAL,工業
DBA,指數基金
DBX,科技
DDWM,指數基金
DE,工業
DEA,Real Estate
DECK,消費
DEI,Real Estate
DFAC,指數基金
DFAS,指數基金
DFAU,指數基金
DFSU,指數基金
DGII,科技
DGNX,工業
DGRS,指數基金
DGX,醫療
DHI,消費
DIG,指數基金
DIN,消費
DINO,能源
DIV,指數基金
DIVB,指數基金
DIVO,指數基金
DLB,工業
DLTR,Consumer Defensive
DMRC,科技
DOC,Real Estate
DOX,科技
DPZ,消費
DQ,科技
DRAM,指數基金
DRI,消費
DTCR,指數基金
DTE,公用事業
DUBS,指數基金
DUK,公用事業
DVA,醫療
DVN,能源
DXC,科技
DXPE,工業
DYNF,指數基金
EAF,工業
EAGG,指數基金
EARN,金融
EBAY,消費
ECL,Basic Materials
ECON,指數基金
ED,公用事業
EDIV,指數基金
EEM,指數基金
EEX,通訊
EFAX,指數基金
EFV,指數基金
EG,金融
EHC,醫療
EIX,公用事業
ELPC,公用事業
ELS,Real Estate
ELTX,醫療
EMA,公用事業
EMGF,指數基金
EMLC,指數基金
EMPD,消費
EMR,工業
ENB,能源
ENGN,醫療
ENOV,醫療
ENR,工業
EPAM,科技
EPC,Consumer Defensive
EQR,Real Estate
EQWL,指數基金
ERIC,科技
ERIE,金融
ES,公用事業
ESAB,工業
ESGV,指數基金
ESPR,醫療
ETHB,EQUITY
ETHW,指數基金
ETR,公用事業
EUHY,指數基金
EVCM,科技
EVTC,科技
EWCZ,Consumer Defensive
EWH,指數基金
EWM,指數基金
EWT,指數基金
EWY,指數基金
EXC,公用事業
EXP,Basic Materials
EXPD,工業
EXPE,消費
EZET,指數基金
FAD,指數基金
FANG,能源
FAS,指數基金
FBK,金融
FBL,指數基金
FBND,指數基金
FBY,指數基金
FCBC,金融
FCFS,金融
FCN,工業
FDEM,指數基金
FDMO,指數基金
FDP,Consumer Defensive
FDS,金融
FDT,指數基金
FDV,指數基金
FE,公用事業
FEIM,科技
FELE,工業
FEM,指數基金
FER,工業
FESM,指數基金
FFEM,指數基金
FHI,金融
FHLC,指數基金
FID,指數基金
FIDI,指數基金
FIDU,指數基金
FIGS,消費
FIVN,科技
FIZZ,Consumer Defensive
FLAX,指數基金
FLUT,消費
FMAT,指數基金
FMDE,指數基金
FMNB,金融
FNDF,指數基金
FNX,指數基金
FNY,指數基金
FOLD,醫療
FOR,Real Estate
FOUR,科技
FOX,通訊
FRI,指數基金
FSLR,科技
FSOL,EQUITY
FSS,工業
FSV,Real Estate
FTC,指數基金
FTLS,指數基金
FTQI,指數基金
FTRI,指數基金
FTS,公用事業
FTXL,指數基金
FTXR,指數基金
FULT,金融
FUTU,金融
FVRR,通訊
FWONA,通訊
FXB,指數基金
FXI,指數基金
FXZ,指數基金
FYT,指數基金
GABC,金融
GAIN,金融
GANX,醫療
GAP,消費
GATX,工業
GBCI,金融
GBFH,金融
GBX,工業
GCT,科技
GDDY,科技
GDOG,指數基金
GDXW,指數基金
GEF,消費
GEM,指數基金
GEMI,金融
GEO,工業
GGG,工業
GH,醫療
GHM,工業
GII,指數基金
GIL,消費
GIS,Consumer Defensive
GKOS,醫療
GLNK,指數基金
GLOB,科技
GLPG,醫療
GLPI,Real Estate
GLUE,醫療
GLXU,指數基金
GMED,醫療
GNL,Real Estate
GNTX,消費
GNW,金融
GOEX,指數基金
GOLD,金融
GOVT,指數基金
GPIX,指數基金
GRAL,醫療
GRMN,科技
GRPN,通訊
GSBC,金融
GSBD,金融
GSEW,指數基金
GSK,醫療
GSUS,指數基金
GVA,工業
GVIP,指數基金
GWRE,科技
GYRE,醫療
H,消費
HAFC,金融
HBCP,金融
HCSG,醫療
HEEM,指數基金
HEWJ,指數基金
HIG,金融
HIPS,指數基金
HIW,Real Estate
HLF,Consumer Defensive
HLI,金融
HLNE,金融
HMY,Basic Materials
HNI,消費
HODL,指數基金
HOG,消費
HPE,科技
HPQ,科技
HRI,工業
HRMY,醫療
HRTG,金融
HSBC,金融
HUBG,工業
HWC,金融
HYMC,Basic Materials
HZO,消費
IAGG,指數基金
IBBQ,指數基金
IBND,指數基金
IBRX,醫療
ICSH,指數基金
IDA,公用事業
IDGT,指數基金
IEF,指數基金
IEFA,指數基金
IEMG,指數基金
IETC,指數基金
IFF,Basic Materials
IFV,指數基金
IGIB,指數基金
IGLD,指數基金
IGM,指數基金
IHI,指數基金
IJR,指數基金
IMVT,醫療
INCY,醫療
INDA,指數基金
ING,金融
INGN,醫療
INGR,Consumer Defensive
INSP,醫療
INTF,指數基金
INVX,能源
IONS,醫療
IOSP,Basic Materials
IPGP,科技
IPO,指數基金
IPX,Basic Materials
IQLT,指數基金
IRON,醫療
IRS,Real Estate
ISPY,指數基金
IT,科技
ITB,指數基金
ITRN,科技
ITW,工業
ITWO,指數基金
IUSB,指數基金
IUSV,指數基金
IVE,指數基金
IVOG,指數基金
IVV,指數基金
IVW,指數基金
IVZ,金融
IWC,指數基金
IWMI,指數基金
IWV,指數基金
IXUS,指數基金
IYG,指數基金
IYR,指數基金
IYT,指數基金
J,工業
JAZZ,醫療
JBS,Consumer Defensive
JBSS,Consumer Defensive
JCPB,指數基金
JCPI,指數基金
JEPI,指數基金
JSMD,指數基金
JSML,指數基金
JXI,指數基金
JXN,金融
KAI,工業
KALV,醫療
KB,金融
KBA,指數基金
KBWY,指數基金
KDK,科技
KE,工業
KFY,工業
KGRN,指數基金
KLAG,指數基金
KMB,Consumer Defensive
KMI,能源
KMPR,金融
KMX,消費
KNCT,指數基金
KNF,Basic Materials
KNSL,金融
KNTK,能源
KOD,醫療
KR,Consumer Defensive
KRYS,醫療
KSPY,指數基金
KT,通訊
KTB,消費
KTEC,指數基金
KWR,Basic Materials
KYMR,醫療
LAND,Real Estate
LAZ,金融
LB,能源
LBRDK,通訊
LBRT,能源
LC,金融
LCID,消費
LCII,消費
LEA,消費
LECO,工業
LENZ,醫療
LINE,Real Estate
LLII,指數基金
LMAT,醫療
LMND,金融
LNN,工業
LOGI,科技
LOPE,Consumer Defensive
LOW,消費
LQD,指數基金
LRN,Consumer Defensive
LTC,Real Estate
LULG,指數基金
LUV,工業
LVHD,指數基金
LW,Consumer Defensive
LXP,Real Estate
LYV,通訊
MAMA,Consumer Defensive
MAN,工業
MANH,科技
MARA,金融
MATW,工業
MATX,工業
MBC,消費
MBIN,金融
MCB,金融
MCHI,指數基金
MCS,通訊
MCW,消費
MDGL,醫療
MDIV,指數基金
MDST,指數基金
MDU,公用事業
MDWD,醫療
MET,金融
MGC,指數基金
MGV,指數基金
MGY,能源
MHK,消費
MHO,消費
MIDD,工業
MIR,工業
MLM,Basic Materials
MLN,指數基金
MMI,Real Estate
MMSI,醫療
MNDY,科技
MO,Consumer Defensive
MORN,金融
MPT,Real Estate
MPWR,科技
MSA,工業
MSBT,指數基金
MSFW,指數基金
MSGS,通訊
MSTW,指數基金
MSTY,指數基金
MTB,金融
MTD,醫療
MTG,金融
MTUS,Basic Materials
MTW,工業
MUFG,金融
MUR,能源
MUSA,消費
MWA,工業
NBHC,金融
NBIX,醫療
NEMG,指數基金
NEOG,醫療
NEU,Basic Materials
NFG,能源
NFLU,指數基金
NIC,金融
NLY,Real Estate
NNE,工業
NOG,能源
NOV,能源
NOVT,科技
NSP,工業
NTAP,科技
NTCT,科技
NTSX,指數基金
NUVB,醫療
NUVL,醫療
NVMI,科技
NVRI,工業
NVYY,指數基金
NWS,通訊
NXE,能源
NXST,通訊
NXT,科技
NZAC,指數基金
O,Real Estate
OCSL,金融
OFRM,Consumer Defensive
OHI,Real Estate
OIH,指數基金
OII,能源
OKE,能源
OLLI,Consumer Defensive
OMAH,指數基金
OMDA,醫療
OMFL,指數基金
ON,科技
OPCH,醫療
ORA,公用事業
ORGO,醫療
ORLA,Basic Materials
OSK,工業
OTTR,工業
OUST,科技
OVV,能源
OXM,消費
OZK,金融
PALL,指數基金
PANW,科技
PB,金融
PBA,能源
PBW,指數基金
PD,科技
PDBA,指數基金
PDM,Real Estate
PEBO,金融
PEY,指數基金
PFFA,指數基金
PFG,金融
PHAT,醫療
PHIN,消費
PHM,消費
PHVS,醫療
PI,科技
PINK,指數基金
PKB,指數基金
PKE,工業
PKOH,工業
PLTI,指數基金
PLTW,指數基金
PLXS,科技
PNFP,金融
PNTG,醫療
PNW,公用事業
POST,Consumer Defensive
PPL,公用事業
PPLT,指數基金
PRA,金融
PRCT,醫療
PRIM,工業
PRK,金融
PRKS,消費
PRME,醫療
PRN,指數基金
PROF,醫療
PRVA,醫療
PSI,指數基金
PSIL,指數基金
PSK,指數基金
PSNY,消費
PUMP,能源
PVLA,醫療
PWP,金融
PWRD,指數基金
PWV,指數基金
QDVO,指數基金
QQQJ,指數基金
QTUM,指數基金
QUAL,指數基金
RAAX,指數基金
RAMP,科技
RBRK,科技
RC,Real Estate
RCAT,工業
RDNT,醫療
RDVY,指數基金
RDWR,科技
REFI,Real Estate
RGEN,醫療
RHP,Real Estate
RL,消費
RLI,金融
RMR,Real Estate
ROKT,指數基金
RPG,指數基金
RPV,指數基金
RRC,能源
RS,Basic Materials
RSPH,指數基金
RSPN,指數基金
RSPS,指數基金
RTO,工業
RWO,指數基金
RWR,指數基金
RXO,工業
RY,金融
RYAN,金融
RYTM,醫療
SAFT,金融
SAPH,指數基金
SATA,金融
SBAC,Real Estate
SBIO,指數基金
SBTU,指數基金
SBU,指數基金
SCHB,指數基金
SCHF,指數基金
SCHI,指數基金
SCHK,指數基金
SCHO,指數基金
SCHR,指數基金
SCHX,指數基金
SCL,Basic Materials
SCVL,消費
SDS,指數基金
SDVY,指數基金
SFBS,金融
SFD,Consumer Defensive
SFM,Consumer Defensive
SGC,消費
SGDM,指數基金
SHLS,科技
SHOP,科技
SHYG,指數基金
SII,金融
SION,醫療
SIVR,指數基金
SIZE,指數基金
SKYW,工業
SLB,能源
SLP,醫療
SLYG,指數基金
SM,能源
SMBC,金融
SMHX,指數基金
SMIN,指數基金
SMLF,指數基金
SMP,消費
SN,消費
SNA,工業
SNDX,醫療
SNEX,金融
SO,公用事業
SOC,能源
SOLV,醫療
SONO,科技
SOYB,指數基金
SPB,Consumer Defensive
SPBC,指數基金
SPGM,指數基金
SPHR,通訊
SPIB,指數基金
SPIP,指數基金
SPMD,指數基金
SPRX,指數基金
SPSM,指數基金
SPTS,指數基金
SPVM,指數基金
SPXC,工業
SPXU,指數基金
SPYI,指數基金
SPYM,EQUITY
SRET,指數基金
SSB,金融
ST,科技
STBA,金融
STCE,指數基金
STEP,金融
STN,工業
STNE,科技
STNG,能源
STOK,醫療
STPZ,指數基金
STRO,醫療
SUI,Real Estate
SWKS,科技
SXI,工業
SXT,Basic Materials
SYF,金融
SYM,工業
SYNA,科技
SYRE,醫療
TBIL,指數基金
TCOM,消費
TDC,科技
TECX,醫療
TEK,指數基金
TEX,工業
TFI,指數基金
TFIN,金融
TFSL,金融
TG,工業
THD,指數基金
THRO,指數基金
TIP,指數基金
TIPX,指數基金
TKO,通訊
TLH,指數基金
TM,消費
TMHC,消費
TMP,金融
TNL,消費
TPL,能源
TR,Consumer Defensive
TRI,工業
TRIP,消費
TRMB,科技
TRN,工業
TRP,能源
TRV,金融
TSL,指數基金
TSLA,消費
TSLR,指數基金
TSLT,指數基金
TSLW,指數基金
TSLX,金融
TSLY,指數基金
TT,工業
TTE,能源
TU,通訊
TUYA,科技
TXG,醫療
TXT,工業
UAN,Basic Materials
UBSI,金融
UCB,金融
UCTT,科技
UE,Real Estate
UGE,指數基金
ULTA,消費
UMAC,科技
UMBF,金融
UNFI,Consumer Defensive
UNHW,指數基金
UNIT,Real Estate
UNL,指數基金
UNP,工業
UPB,醫療
UPBD,科技
UPV,指數基金
URBN,消費
URGN,醫療
USAS,Basic Materials
USB,金融
USIG,指數基金
USLM,Basic Materials
USMC,指數基金
UTI,Consumer Defensive
UTWO,指數基金
UVV,Consumer Defensive
VALG,指數基金
VCLT,指數基金
VCYT,醫療
VECO,科技
VEL,金融
VGIT,指數基金
VGSH,指數基金
VIS,指數基金
VNM,指數基金
VONV,指數基金
VOOG,指數基金
VOT,指數基金
VOX,指數基金
VRSK,工業
VSAT,科技
VSTM,醫療
VTC,指數基金
VTI,指數基金
VTRS,醫療
VWO,指數基金
VXUS,指數基金
VYX,科技
VZ,通訊
WAB,工業
WDAY,科技
WDFC,Basic Materials
WEAT,指數基金
WERN,工業
WFG,Basic Materials
WFRD,能源
WGO,消費
WGS,醫療
WIP,指數基金
WM,工業
WMG,通訊
WMTI,指數基金
WOOF,消費
WPC,Real Estate
WS,Basic Materials
WSM,消費
WSO,工業
WTFC,金融
WTS,工業
WTV,指數基金
WY,Real Estate
WYFI,科技
XCEM,指數基金
XDTE,指數基金
XHB,指數基金
XLB,指數基金
XLSR,指數基金
XLY,指數基金
XMMO,指數基金
XMTR,工業
XNTK,指數基金
XP,金融
XPEL,消費
XRPT,指數基金
XRT,指數基金
XSD,指數基金
XSMO,指數基金
XTL,指數基金
XVV,指數基金
YBIT,指數基金
YELP,通訊
YETH,指數基金
YETI,消費
YUM,消費
YYY,指數基金
ZBRA,科技
